Date,Move Minutes count,Calories (kcal),Distance (m),Heart Points,Heart Minutes,Low latitude (deg),Low longitude (deg),High latitude (deg),High longitude (deg),Average speed (m/s),Max speed (m/s),Min speed (m/s),Step count,Average weight (kg),Max weight (kg),Min weight (kg),Biking duration (ms),Inactive duration (ms),Walking duration (ms),Running duration (ms),Jogging duration (ms),Strength training duration (ms)
2022-06-12,8,,253.0529429912567,,,,,,,0.331558376250476,1.1155720949172974,0.2719799280166626,620,,,,,,,,,
2022-06-13,27,,1306.3525207042694,3.0,3,,,,,0.4084314193371455,1.549456000328064,0.2719799280166626,2224,,,,,,,,,
2022-06-14,41,,1535.2287321090698,,,,,,,0.43753799076993527,2.423201084136963,0.2615191638469696,2660,,,,,,,,,
2022-06-15,34,,1359.9888663291931,1.0,1,,,,,0.4270606496055099,1.2142616510391235,0.2510583996772766,2488,,,,,,,,,
2022-06-16,44,,1898.0211997032166,4.0,4,,,,,0.5863829167597747,1.5711262226104736,0.2510583996772766,3272,,,,,,,,,
2022-06-17,11,,439.4860978126526,,,,,,,0.31992198205250527,0.8475340008735657,0.24888625741004944,1009,,,,,,,,,
2022-06-18,37,,1335.222166776657,,,,,,,0.3430385044055388,1.525199055671692,0.26300954818725586,2615,,,,,,,,,
2022-06-19,32,,1082.6413255929947,,,,,,,0.3428479232036404,0.9973673224449158,0.2510583996772766,2064,,,,,,,,,
2022-06-20,164,,11619.52524292469,124.0,124,,,,,0.4575431516033366,1.5046852827072144,0.2615191638469696,16834,,,,,,,,,
2022-06-21,49,,1866.003488779068,1.0,1,,,,,0.39035067627674835,1.4012596607208252,0.2615191638469696,3178,,,,,,,,,
2022-06-22,25,,1162.0952303409576,4.0,4,,,,,0.4174830403618387,1.5266951322555542,0.244537353515625,2160,,,,,,,,,
2022-06-23,37,,1545.0032910704613,1.0,1,,,,,0.4142893420025318,1.3278608322143555,0.2510583996772766,2619,,,,,,,,,
2022-06-24,61,,2354.7378686166776,4.0,4,,,,,0.46624903406919294,1.4296475648880005,0.2599422037601471,4333,,,,,,,,,
2022-06-25,55,,2351.060976018809,4.0,4,,,,,0.4311366654950192,1.4892170429229736,0.2510583996772766,4377,,,,,,,,,
2022-06-26,32,,1518.788717329502,3.0,3,,,,,0.32484458766675123,1.3359941244125366,0.24581436812877655,3079,,,,,,,,,
2022-06-27,80,,4392.5271825790405,34.0,34,,,,,0.5093565797110587,1.5702834129333496,0.2719799280166626,6619,,,,,,,,,
2022-06-28,118,,4309.804268658161,9.0,9,,,,,0.4666373068725871,1.456207275390625,0.2510583996772766,7017,,,,,,,,,
2022-06-29,57,,2141.7284891605377,5.0,5,,,,,0.568189650946714,1.440416693687439,0.25176331400871277,3682,,,,,,,,,
2022-06-30,32,,1244.5013020038605,5.0,5,,,,,0.45770251842965304,1.4019895792007446,0.2615191638469696,2215,,,,,,,,,
2023-06-27,,1.6834505752280905E-11,,,,,,,,,,,,62.00012969970703,62.00012969970703,62.00012969970703,,,,,,
2023-09-15,45,164.8895313484278,58.58760984851145,,,,,,,0.6592698084367153,1.0811869178644482,0.2697738393009044,2165,62.0,62.0,62.0,,11521,,,720000,911975
2023-09-16,12,1389.4271134483274,608.5585606046888,1.0,1,,,,,0.494780730912419,1.2428033746958953,0.25116874693532476,1374,,,,,,451953,,,
2023-09-17,4,1369.1533903014722,170.23659514505346,,,,,,,0.266397994751413,0.468052638127789,0.24877149435337406,611,,,,,,43396,,,
2023-09-18,15,1399.8249088186283,661.5530709711848,1.0,1,,,,,0.44191321335837186,2.011146039548551,0.2697738393009044,1501,,,,,,661491,,,
2023-09-19,27,1423.3083547630695,1380.6534108287003,9.0,9,-34.618019104003906,-58.38200378417969,-34.617610931396484,-58.38159942626953,0.39909577524856105,1.742493369179786,0.25116874693532476,2649,,,,,,1134731,,,
2023-09-20,36,1443.0194824459506,1620.4496278966842,3.0,3,-34.61767578125,-58.38243103027344,-34.61707305908203,-58.381805419921875,0.512052592412928,4.5218017488056566,0.060895168487500324,2961,,,,,,1529184,,,
2023-09-21,39,1466.452030158382,1687.8919909303559,5.0,5,-34.711814880371094,-58.2823371887207,-34.711212158203125,-58.28156661987305,0.4503586677887971,1.3322900782313958,0.25116874693532476,3083,,,,,,2004167,,,
2023-09-22,52,1531.4150075663026,3566.124688838874,13.0,13,-34.61705780029297,-58.38225555419922,-34.60395050048828,-58.380859375,0.6163892804918808,3.9455448897628256,0.24227042685048372,4167,,,,,,3171030,61627,,
2023-09-23,6,1385.8130653878452,203.44477324131208,,,,,,,0.35638048479328877,1.2201027870178223,0.2790763724939576,571,,,,,,379123,,,
2023-09-24,5,1366.9999642372131,220.76083274193684,,,,,,,0.3861953475566387,0.6074213952486693,0.26047129311811457,676,,,,,,,,,
2023-09-25,28,1448.0957725034662,2168.207875105229,34.0,21,-34.72541046142578,-58.29202651977539,-34.72541046142578,-58.29202651977539,0.3386504163530317,2.106570173380608,0.25116874693532476,3339,,,,,,1634249,,,
2023-09-26,17,1420.4560719274675,809.5146342108961,2.0,2,,,,,0.5459901946430193,2.3741414546966553,0.25116874693532476,1765,,,,,,1077252,,,
2023-09-27,20,1406.751424981165,707.7643000742365,1.0,1,,,,,0.4826152615455237,1.3547308885467482,0.2697738393009044,1460,,,,,,801075,,,
2023-09-28,24,1432.692385857976,1223.3989988411006,6.0,6,-34.72135925292969,-58.27289962768555,-34.71862030029297,-58.26957702636719,0.6240174589001655,1.8915458777292127,0.27907635690627525,2012,,,,,,1323839,,,
2023-09-29,20,1420.3524812576254,1448.8827426546632,13.0,13,-34.72438049316406,-58.276817321777344,-34.72140884399414,-58.27188491821289,0.6342551352268768,3.6012604532591777,0.26047129311811457,2242,,,,,,1075163,,,
2023-09-30,19,1408.0335798268075,711.7404996653962,,,,,,,0.354846103076989,1.3471934316229253,0.26047129311811457,1640,,,,,,826914,,,
2023-10-01,40,1485.0765790966402,2827.7382274723636,27.0,27,-34.725257873535156,-58.2698860168457,-34.72391128540039,-58.26409149169922,0.7256796143742748,1.6683905675545683,0.27907637249395756,4166,,,,,,2379489,,,
2023-10-02,3,1366.999964237213,161.30615080957523,,,,,,,0.3974672420520169,0.7285126528690812,0.2790763636873572,626,,,,,,,,,
2023-10-03,32,1459.2736163464117,1439.0363818272374,6.0,6,,,,,0.4777999362068373,1.3766242364171781,0.26047129311811457,2832,,,,,,1859506,,,
2023-10-04,40,1481.4600964933134,2321.9411177708107,7.0,7,-34.6173095703125,-58.3870735168457,-34.61186599731445,-58.38068389892578,0.5619159499098022,2.2364536054249777,0.26047129311811457,3237,,,,,,2306611,,,
2023-10-05,20,1415.0782266888848,828.2536843956719,1.0,1,,,,,0.5336253692974585,1.3026186707856426,0.25116874693532476,1671,,,,,,968877,,,
2023-10-06,60,1542.5934136288008,4087.361294922824,42.0,41,-34.723167419433594,-58.27100372314453,-34.720157623291016,-58.25664520263672,0.43701215175235697,6.0994873046875,0.25116874693532476,6344,,,,,,3538573,,,
2023-10-07,8,1380.6838665838536,341.5917467578314,,,,,,,0.4172753495209693,1.0396349965131995,0.26047129311811457,778,,,,,,275759,,,
2023-10-08,6,1386.2701402266566,241.80568894788604,,,,,,,0.4795610863599023,1.2054821161253904,0.26047129311811457,686,,,,,,388334,,,
2023-10-09,37,1461.331931773018,1747.0311214200747,11.0,10,-34.617149353027344,-58.38273620605469,-34.61469268798828,-58.380924224853516,0.5659558802673481,2.2490793990672437,0.2552841473087081,3342,,,,,,1900476,,,
2023-10-10,22,1438.2784081656976,1466.5319404250936,7.0,7,-34.61742401123047,-58.38276290893555,-34.61625289916992,-58.3801155090332,0.4822904064712707,1.3207832384105949,0.26047128718894413,2503,,,,,,1436409,,,
2023-10-11,28,1433.9762793358373,1241.35233181603,6.0,6,,,,,0.40757643735057025,1.4034034859392823,0.26047126478969895,2160,,,,,,1349713,,,
2023-10-12,69,1605.3855233059294,3398.977258600717,19.0,18,-34.722084045410156,-58.25910949707031,-34.71959686279297,-58.25662612915039,0.7743843984028085,2.014249086380005,0.2507557374853489,5949,,,,,,4803965,,,
2023-10-13,67,1574.467743893435,3268.7164914793084,12.0,12,,,,,0.5874119390535224,1.2085012685269205,0.25116874693532476,5801,,,,,,4180908,,,
2023-10-14,66,1559.4470154661935,3588.777719377266,24.0,24,,,,,0.5063350648660743,1.1815645080391792,0.27907635690627525,6248,,,,,,3878208,,,
2023-10-15,51,1527.29357005676,2157.589187433281,,,-34.72048568725586,-58.264957427978516,-34.7153434753418,-58.25837326049805,0.3114152396741468,1.000228029355062,0.27714009369240383,4095,,,,,,3230250,,,
2023-10-16,4,1376.0906417482267,137.29897315725276,,,,,,,0.468780404889,0.738297316094429,0.27907637707857036,309,,,,,,183196,,,
2023-10-17,29,1463.8834940916506,1281.3314574523947,4.0,4,,,,,0.5381073214455314,1.3975603309497246,0.26047129311811457,2382,,,,,,1952404,,,
2023-10-18,33,1473.0615815670606,1606.224881545425,7.0,7,-34.720008850097656,-58.27259826660156,-34.71847152709961,-58.269195556640625,0.5219923786397528,2.1049222644083794,0.25116874693532476,2703,,,,,,2137363,,,
2023-10-19,16,1404.3084934325434,592.2792198984899,3.0,3,,,,,0.5253985792208613,1.2213685348374026,0.2790763676228067,1226,,,,,,751845,,,
2023-10-20,30,1412.6789402042104,1025.9285003513144,,,,,,,0.3567517210226745,11.380000114440918,0.25116874693532476,2023,,,,,,920526,,,
2023-10-21,6,1377.0229031425774,262.33180235467256,,,,,,,0.31883850619273574,0.7220605057792863,0.2697738393009044,699,,,,,,201983,,,
2023-10-22,6,1368.9703818369824,181.160350922686,,,,,,,0.42117939289606776,0.9809318731700368,0.279076361669178,634,,,,,,39708,,,
2023-10-23,11,1398.4076157136244,600.8828566792786,1.0,1,,,,,0.3772019284708719,1.6821515291910198,0.2697738393009044,1175,,,,,,632929,,,
2023-10-24,40,1475.126822176594,1855.8255944448583,14.0,14,-34.71247863769531,-58.28190231323242,-34.70934295654297,-58.27983474731445,0.42194030820487227,1.652409285443197,0.25116874693532476,3641,,,,,,2178981,,,
2023-10-25,55,1508.7762036687209,3067.8967384148136,13.0,12,-34.627906799316406,-58.382450103759766,-34.61634826660156,-58.37995910644531,0.7006617779203232,2.0104957699983625,0.26047129311811457,4732,,,,,,2855954,,,
2023-10-26,34,1443.7658598559672,1416.2470128785496,6.0,6,,,,,0.8406141436088173,3.2899999618530273,0.25116874693532476,2615,,,,,,1546992,,,
2023-10-27,60,1532.9971929812457,3575.6970588970594,35.0,35,-34.72334671020508,-58.271949768066406,-34.71775817871094,-58.2587776184082,0.5131646877803894,2.423592973051281,0.26047129311811457,5819,,,,,,3345190,,,
2023-10-28,5,1380.7281298308915,229.22098757842986,,,,,,,0.509045946670766,1.1049857315574243,0.25116874693532476,593,,,,,,276651,,,
2023-10-29,4,1374.8416980415768,174.3161669663579,,,,,,,0.2907919515354638,0.6152148675322976,0.2790763676228067,518,,,,,,158028,,,
2023-10-30,46,1485.840994352268,1775.0829236732961,6.0,6,-34.6176643371582,-58.382789611816406,-34.61658477783203,-58.38202667236328,0.634784612363365,1.6070005795978897,0.27907635690627525,3426,,,,,,2394894,,,
2023-10-31,93,1682.1126963356744,4009.084493321281,19.0,19,-34.61692810058594,-58.45656204223633,-34.561466217041016,-58.38096237182617,0.80364281092819,9.930000305175781,0.11247330323996124,7165,,,,,,6350177,,,
2023-11-01,120,1715.7352535334746,5461.867719416667,28.0,28,-34.61827850341797,-58.401039123535156,-34.595375061035156,-58.3807258605957,0.9242023763903325,10.334450721740723,0.043843097500321365,9730,,,,,,7027740,,,
2023-11-02,27,1428.7335363464952,1018.2032738694107,1.0,1,,,,,0.6670222374574374,8.055619239807129,0.24854131022720855,1953,,,,,,901210,150100,,
2023-11-03,17,1399.6553640828724,678.1264790961126,3.0,3,,,,,0.5202737394101968,1.4184405357426955,0.2790763724939576,1338,,,,,,658074,,,
2023-11-04,9,1372.4589062572854,279.0763854836942,,,,,,,0.5351863861739236,0.7532425379394395,0.2645551025025999,797,,,,,,110009,,,
2023-11-05,26,1431.5356433312622,1037.4982775890398,3.0,3,,,,,0.5560234895557955,8.316720008850098,0.25116874693532476,2046,,,,,,1300529,,,
2023-11-06,45,1460.1642851724707,1606.0931758984516,2.0,2,,,,,0.43785944722010317,1.2892790706226815,0.25116874693532476,3235,,,,,,1877454,,,
2023-11-07,24,1416.453837769592,1002.1742347352103,2.0,2,,,,,0.39812507872978964,1.3764292932104025,0.26827893803993763,1937,,,,,,996599,,,
2023-11-08,34,1453.1171871118418,1700.7609925299002,13.0,12,-34.71916198730469,-58.3839111328125,-34.61922073364258,-58.270660400390625,0.501900157752912,1.6699999570846558,0.2742385809876213,3043,,,,,,1735441,,,
2023-11-09,90,1479.190963781232,3347.3174125872047,16.0,16,-34.552146911621094,-58.45390701293945,-34.545501708984375,-58.4512825012207,0.5781222163791541,8.76563549041748,0.25116874693532476,5819,,,,492323,,1734386,,,
2023-11-10,56,1524.6293900227467,3320.7177417750418,14.0,14,-34.559715270996094,-58.45423126220703,-34.545196533203125,-58.444908142089844,0.4557005905771324,4.869999885559082,0.22661779539125843,4967,,,,,,3166287,,,
2023-11-11,1,1369.8847294418315,48.36984259470189,,,,,,,0.4101402734319662,0.8880451709866757,0.2790763767355041,169,,,,,,58134,,,
2023-11-12,8,1369.0980113843434,268.47148283531385,,,,,,,0.28157857464486097,0.6218278250668472,0.27907636130280083,723,,,,,,42280,,,
2023-11-13,31,1461.3051714963283,1357.73352619499,4.0,4,,,,,0.5680061155878532,1.3547311319350406,0.25116874693532476,2579,,,,,,1900447,,,
2023-11-14,27,1452.6213542475193,1698.7910728221384,8.0,8,-34.6170768737793,-58.385284423828125,-34.61274719238281,-58.38093948364258,0.47858254460843264,1.5107038262711017,0.1145630802742774,2886,,,,,,1725450,,,
2023-11-15,27,1439.3121799400753,1247.152520153943,6.0,6,,,,,0.4651735876274222,2.018976329697925,0.25116874693532476,2443,,,,,,1199389,112888,,
2023-11-16,44,1481.4856735797027,3376.558977409015,9.0,9,-34.61653518676758,-58.39204025268555,-34.61324691772461,-58.38084411621094,0.5401702328194466,3.2195284019639203,0.251744118648593,3473,,,,,,2307126,,,
2023-11-17,21,1425.44197562247,1153.2647702367801,11.0,11,-34.717384338378906,-58.26726150512695,-34.715423583984375,-58.26476287841797,0.594407465708905,1.5169903003940124,0.2790763650712515,1953,,,,,,1177728,,,
2023-11-18,5,1378.8216262501742,250.05244139338998,,,,,,,0.3468359960860136,0.7806330931205261,0.26047129311811457,553,,,,,,238231,,,
2023-11-19,8,1393.6294822371176,252.3559693515399,,,,,,,0.4023415376768942,0.6966025385150056,0.2790763724939576,609,,,,,,536640,,,
2023-11-20,2,1366.9999642372134,104.37456817090161,,,,,,,0.2749156487599476,0.2790763744923785,0.2683922244575839,297,,,,,,,,,
2023-11-21,2,1366.9999642372134,183.63226164827077,,,,,,,0.3857438506520584,0.6745803409185087,0.2790763676228067,804,,,,,,,,,
2023-11-22,32,1450.0570420622971,1450.97819614084,7.0,7,-34.61734390258789,-58.383705139160156,-34.61328125,-58.38165283203125,0.5230118131248056,1.3460603558568944,0.2697738393009044,2681,,,,,,1673772,,,
2023-11-23,3,1378.6532068552503,199.95650372997085,,,,,,,0.4095458389588618,0.8720878106621615,0.26047129311811457,732,,,,,,234837,,,
2023-11-24,9,1375.8094795906818,438.7814364073082,2.0,2,,,,,0.48577456823319576,1.2077196805867223,0.25116874693532476,1118,,,,,,177530,,,
2023-11-25,67,1580.3021042829096,2009.4873915486712,43.0,30,-34.74055480957031,-58.25888442993164,-34.73717498779297,-58.25570297241211,0.6417446529001655,7.03000020980835,0.25116874693532476,7277,,,,,,4298481,,,
2023-11-26,6,1392.581748853378,266.308160960831,,,,,,,0.39956339744509833,0.9760322918502895,0.26047129311811457,720,,,,,,515526,,,
2023-11-27,4,1375.779954113691,219.39970140592777,,,,,,,0.32847763855467516,0.6848500257268569,0.25116874693532476,686,,,,,,176935,,,
2023-11-28,9,1373.4614333744441,401.6436030741162,,,,,,,0.3841961921051204,1.15175142233091,0.2697738393009044,1092,,,,,,130212,,,
2023-11-29,,577.6107694084119,,,,,,,,,,,129,,,,,,,,,
2024-01-23,,1366.999964237213,,,,,,,,,,,,,,,,,,,,
2024-01-24,10,1375.2987133087513,383.1792915189785,,,,,,,0.3115425024368368,0.7132157182822064,0.2697738393009044,958,,,,,,167237,,,
2024-01-25,94,1583.8741762086122,4608.198000717938,44.0,44,,,,,0.45272189670572194,1.180187583920917,0.25116874693532476,8066,,,,,,4370464,,,
2024-01-26,57,1468.2220574791497,2462.230132572026,13.0,13,,,,,0.4294101746580739,1.2303929813183532,0.2697738393009044,4656,,,,,,2039836,,,
2024-01-27,57,1461.9850379417942,1937.583899924271,5.0,5,,,,,0.4424209401100815,1.262561311039787,0.25116874693532476,3801,,,,,,1914146,,,
2024-01-28,35,1485.8455108728967,1364.0398858752508,,,,,,,0.37112947775370436,0.9719728387832779,0.2458603996793048,2720,,,,,,2394986,,,
2024-01-29,37,1411.149160069076,1396.028054700032,2.0,2,,,,,0.3689393991432328,1.3353211385262187,0.26047129311811457,3151,60.999954223632805,60.99995803833008,60.99995040893555,,,1023810,,,
2024-01-30,4,1356.9995446205141,409.1259811190957,,,,,,,0.2993008526144219,0.5462354636401243,0.25116874693532476,991,,,,,,,,,
2024-01-31,9,1372.3690560796288,347.33482298968,,,,,,,0.3136678360219579,0.6652376370916625,0.26047129311811457,922,,,,,,315708,,,
2024-02-01,54,1416.4985720430857,2455.36460514666,11.0,11,,,,,0.3969272233043718,1.3141797472737924,0.25116874693532476,4806,59.49994277954101,59.49995422363281,59.49993133544922,,,1396472,,,
2024-02-02,68,1439.9403907888234,2871.98132362543,15.0,15,,,,,0.4101514884588222,1.4294926813068294,0.26033233092715996,5439,,,,,,2071810,,,
2024-02-03,14,1344.7690959078577,588.5626569435022,,,,,,,0.3157111546572859,0.8792198834927388,0.25116874693532476,1543,,,,,,58587,,,
2024-02-04,54,1436.319031950151,3119.593781498868,34.0,34,,,,,0.5331756540080609,2.1395456878740284,0.26047129311811457,5368,,,,,,1995205,,,
2024-02-05,23,1391.2009416482529,950.095805323643,4.0,4,,,,,0.31460723788253503,1.2522863303490521,0.2790763650712515,2171,,,,,,1040792,,,
2024-02-06,27,1361.5402701067649,1212.9381166588807,4.0,4,,,,,0.39764472029030073,1.381713724306998,0.25116874693532476,2585,,,,,,413359,,,
2024-02-07,8,1341.9995064735413,377.60005643043246,,,,,,,0.28598709725503724,0.4396367983322315,0.25116874693532476,1067,,,,,,,,,
2024-02-08,10,1387.1349221817495,380.7111759042882,,,,,,,0.33050714490356137,0.7299496900767366,0.25116874693532476,1249,,,,,,954780,,,
2024-02-09,22,1341.9995064735413,976.7272204137613,5.0,5,,,,,0.41903466983840265,1.385790067831424,0.2501156214915807,1895,,,,,,,,,
2024-02-10,2,795.4160292085128,36.279930112880244,,,,,,,0.27907636130280083,0.27907636130280083,0.27907636130280083,103,,,,,,,,,
2024-02-12,,1341.9995064735415,,,,,,,,,,,,,,,,,,,,
2024-02-13,150,1341.9995064735415,7154.785541366325,46.0,46,,,,,0.5073251603791943,1.4570558661309236,0.25116874693532476,12311,,,,,,,,,
2024-02-14,67,1341.9995064735415,2477.173230317819,11.0,11,,,,,0.38065843642605723,1.4772363736491638,0.27907635690627525,4679,,,,,,,,,
2024-02-15,12,1341.999506473541,370.84401325016887,,,,,,,0.3489330214031517,1.0284580939730357,0.2790763584510005,998,,,,,,,,,
2024-02-16,6,1341.9995064735413,154.87666286604806,,,,,,,0.3861353619658849,0.879516636056047,0.25116874693532476,631,,,,,,,,,
2024-02-17,34,1341.9995064735413,1022.330740502439,,,,,,,0.519810314560196,1.1272770454322993,0.25116874693532476,2170,,,,,,,,,
2024-02-18,16,1341.9995064735413,460.491305385254,,,,,,,0.3354914681652104,0.7055262329779189,0.2697738393009044,1212,,,,,,,,,
2024-02-19,24,1341.9995064735413,1067.8573502907411,4.0,4,,,,,0.39186453024033974,1.2343506109148978,0.26047129311811457,2298,,,,,,,,,
2024-02-20,33,1341.9995064735417,1034.7300885644718,,,,,,,0.3990257138170715,0.8619742366675266,0.25116874693532476,2470,,,,,,,,,
2024-02-21,12,1341.9995064735408,382.5101679606951,,,,,,,0.47767298468864616,0.9139851532769289,0.25757548069521685,1095,,,,,,,,,
2024-02-22,73,1341.9995064735413,3319.926983811179,26.0,26,,,,,0.37969495829010125,1.2777167779248189,0.25116874693532476,6382,,,,,,,,,
2024-02-23,32,1341.9995064735415,1048.6849668856166,2.0,2,,,,,0.4682126586489172,1.1848198790461644,0.25116874693532476,2570,,,,,,,,,
2024-02-24,3,702.7038465883875,89.86259612574953,,,,,,,0.41016284708571854,0.5537211570443709,0.2491752886828946,234,,,,,,,,,
2024-02-26,,192.5920457073186,,,,,,,,,,,,,,,,,,,,
2024-02-27,,1341.9995064735413,,,,,,,,,,,,,,,,,,,,
2024-02-28,19,1387.3741338864238,1161.5000447828377,13.0,13,,,,,0.6473868095894011,1.3315342209530407,0.25116874693532476,2030,,,,,,959840,,,
2024-02-29,23,1351.6705911319648,739.6191598724114,,,,,,,0.29768984792083325,0.591988515885528,0.26047129311811457,1870,,,,,,204579,,,
2024-03-01,67,1438.895647357445,2941.4441846610803,14.0,14,,,,,0.39021027601782776,1.35794497444747,0.25116874693532476,5709,,,,,,1790483,113021,,
2024-03-02,3,1351.62081255183,123.492855539509,,,,,,,0.48900905728653593,0.825327918383674,0.2697738393009044,377,,,,,,203526,,,
2024-03-03,3,1344.8017143506806,180.8408035768197,,,,,,,0.26713841998694665,0.27907638216073816,0.25116874693532476,427,,,,,,59277,,,
2024-03-04,10,1345.9984330174454,427.4662850840515,,,,,,,0.2769233929237005,0.7734580861214801,0.25116874693532476,1267,,,,,,84592,,,
2024-03-05,18,1358.3104862518499,594.1401042812985,,,,,,,0.447502090450604,1.299710065967991,0.25116874693532476,1571,,,,,,345038,,,
2024-03-06,55,1480.3041529283075,2835.4949534329003,12.0,12,,,,,0.44911724087345506,1.5303083679245706,0.25116874693532476,5142,,,,,,2925651,,,
2024-03-07,25,1392.0608903428542,1161.8511757987926,2.0,2,,,,,0.33722718478210295,1.1701593753457709,0.25116874693532476,2405,,,,,,1058983,,,
2024-03-08,27,1408.8064532657197,1113.2293042648669,5.0,5,,,,,0.30935377016710935,1.2392465979816758,0.26047129311811457,2159,,,,,,1413212,,,
2024-03-09,76,1532.3400187384382,3677.361552785093,25.0,25,,,,,0.42625155829335976,1.6175040876955973,0.25116874693532476,6655,,,,,,4026402,,,
2024-03-10,15,1371.2617951688003,477.31491536925114,,,,,,,0.4107061706613482,1.0910980313337775,0.25116874693532476,1402,,,,,,619005,,,
2024-03-11,46,1418.159425472473,1876.4497554723148,6.0,6,,,,,0.35643857801383,1.2542127374178076,0.25116874693532476,3828,,,,,,1611064,,,
2024-03-12,36,1408.9321747557915,1000.2626308958675,13.0,13,,,,,0.38867428132456805,1.5670149461002083,0.2697738393009044,2214,,,,709809,,656429,,,
2024-03-13,41,1415.2188108968298,1934.3604288867427,6.0,6,,,,,0.47989017282629887,1.792770253152843,0.25116874693532476,3660,,,,,,1548857,,,
2024-03-14,63,1484.7391250990213,2734.7750692288364,15.0,15,,,,,0.399544466353112,1.4074644280980553,0.2697738393009044,5284,,,,,,3019468,,,
2024-03-15,51,1405.3402968290561,1924.4501572075808,4.0,4,,,,,0.4275793043935262,1.4936332361293925,0.26047129311811457,3740,,,,,,1339892,,,
2024-03-16,24,1374.808318273877,972.5176207401678,3.0,3,,,,,0.3840403755887747,1.1102894330904445,0.25116874693532476,2172,,,,,,694027,,,
2024-03-17,11,1352.8258512851694,412.67832111164256,,,,,,,0.3092398757901905,0.9550694253250998,0.2561278689432646,946,,,,,,229017,,,
2024-03-18,24,1379.8698739976855,1018.1383886073639,2.0,2,,,,,0.42030078125845755,1.3436038313587617,0.26047129311811457,2072,,,,,,548606,110085,,
2024-03-19,43,1399.827521167488,1651.8030948780024,5.0,5,,,,,0.4247765797905653,1.4206143937261928,0.26047129311811457,3044,,,,,,1223276,,,
2024-03-20,31,1387.8998530478261,1381.4204705511581,3.0,3,,,,,0.4018937574067258,1.420248924927805,0.25116874693532476,2781,,,,,,970961,,,
2024-03-21,45,1398.1203511882513,1718.0767780746135,5.0,5,,,,,0.417466015965418,1.5107533301324625,0.25116874693532476,3330,,,,,,1187162,,,
2024-03-22,98,1583.9956716403922,5528.095513897157,60.0,59,,,,,0.5575882562947652,1.7715747110141538,0.2552513081628265,9326,,,,,,5104258,,,
2024-03-23,52,1415.5977281161029,1924.069186546046,3.0,3,,,,,0.4170066239423936,1.1717471043129923,0.25116874693532476,4031,,,,,,1556873,,,
2024-03-24,139,1553.669728905978,6113.913392842862,28.0,28,,,,,0.3501876273102615,1.3917960133608371,0.2510969826401823,11001,,,,,,4477606,,,
2024-03-25,43,1409.5800675954795,1825.954817589425,10.0,10,,,,,0.5080593720562898,1.3429059158061774,0.25116874693532476,3258,,,,,,1429577,,,
2024-03-26,55,1427.4357916751387,1772.141593065483,1.0,1,,,,,0.3342178409804102,1.3473247810351796,0.25116874693532476,3523,,,,,,1807291,,,
2024-03-27,29,1370.3846695196223,1187.5670888217628,4.0,4,,,,,0.3859628783787305,2.089071427530778,0.2697738393009044,2370,,,,,,600451,,,
2024-03-28,5,1341.9995064735413,284.19199764105036,,,,,,,0.37442583378657507,0.9458080593914537,0.25116874693532476,887,,,,,,,,,
2024-03-29,40,1429.712221953281,3071.9188254103683,42.0,29,,,,,0.38044781966934105,2.2347013151847417,0.26047129311811457,4804,,,,,,1855447,,,
2024-03-30,8,752.9537003644087,254.17802829670873,,,,,,,0.2979577907145371,1.0758484337218512,0.25116874693532476,550,,,,,,113092,,,
2025-01-07,,1341.9995064735413,,,,,,,,,,,,,,,,,,,,
2025-01-08,67,1517.726670731181,3658.2178653280503,33.0,33,,,,,0.5569743781938057,1.281984735912707,0.25116874693532476,6169,,,,,,3717275,,,
2025-01-09,36,1419.7242447718613,1465.3217588341663,,,,,,,0.3227277335470584,1.082961720169779,0.2783717569738541,2664,,,,,,1644164,,,
2025-01-10,15,1360.7419491318283,515.1236010782089,,,,,,,0.508456246560939,1.22914245403571,0.2790763676228067,1282,,,,,,396472,,,
2025-01-11,10,1384.9865013542383,487.78008397976043,,,,,,,0.5202803648967343,0.9866007837777359,0.26047129311811457,1218,,,,,,909333,,,
2025-01-12,73,1511.662357543775,2551.238918748291,5.0,5,,,,,0.32807054817551096,1.2460295420010308,0.25116874693532476,4782,,,,,,3588995,,,
2025-01-13,22,1383.393586789937,921.8591745202173,,,,,,,0.3449482696079885,0.9683187571712755,0.25116874693532476,2037,,,,,,875637,,,
2025-01-14,11,1358.2341658738517,466.7595213941325,,,,,,,0.34165489500576784,1.1588519481490493,0.25116874693532476,1164,,,,,,343422,,,
2025-01-15,32,1418.1205393326577,1677.2345736554746,14.0,14,,,,,0.35923307761770273,1.0828544340734483,0.2790763676228067,3155,,,,,,1610239,,,
2025-01-16,16,1354.371237979899,653.8504953639964,3.0,3,,,,,0.430212538319905,1.4973826999638993,0.25116874693532476,1648,,,,,,261709,,,
2025-01-17,36,1400.0088304503472,1780.5147701740586,10.0,10,,,,,0.38676146910256054,1.3863698741656423,0.26047129311811457,3297,,,,,,1227111,,,
2025-01-18,8,1344.828801840156,217.4613954420044,,,,,,,0.45217624537218604,0.8534663289789179,0.2790763814012054,546,,,,,,59850,,,
2025-01-19,31,1460.3444856438214,2484.5996022669897,25.0,13,,,,,0.39550189702882027,2.4460069667683038,0.2552537666430909,3941,,,,,,729001,587917,,
2025-01-20,72,1618.1338902621994,5920.050596136498,69.0,36,,,,,0.4321784930410156,2.537754932517937,0.25116874693532476,8467,,,,,,1597710,1372998,,
2025-01-21,11,1356.1361505006619,487.69998192674365,,,,,,,0.5119115247284329,1.160950276575932,0.2569026271443588,1292,,,,,,299042,,,
2025-01-22,8,1353.0579090098145,320.21322235213387,,,,,,,0.37883054782301895,1.1599891848430703,0.25116874693532476,1081,,,,,,233926,,,
2025-01-23,44,1399.1017394680773,1703.947326728796,6.0,6,,,,,0.33610769507017585,1.1739510265810964,0.25116874693532476,3514,,,,,,1207921,,,
2025-01-24,7,1344.7971288594435,364.1647548631121,,,,,,,0.2796159412529684,0.3156966355035397,0.23966513970320227,880,,,,,,59180,,,
2025-01-25,18,1366.7156890507517,685.6681508721889,,,,,,,0.40048543330354763,0.9700108040584601,0.26047129311811457,1583,,,,,,522838,,,
2025-01-26,81,1545.37955161879,6212.815069786517,76.0,58,,,,,0.36159281386415487,2.265890014010803,0.25116874693532476,9624,,,,,,3889510,169622,,
2025-01-27,39,1432.0400905411573,1949.966483587275,12.0,10,,,,,0.4197601963960445,2.1356366668488738,0.25116874693532476,3828,,,,,,1685878,92106,,
2025-01-28,72,1493.3079509143204,3023.483089388989,4.0,4,,,,,0.43927186555063996,1.1456248574575145,0.25116874693532476,5662,,,,,,3200730,,,
2025-01-29,4,1341.999506473541,171.35290068698822,,,,,,,0.3070841079509436,0.5643104874534453,0.26047129311811457,723,,,,,,,,,
2025-01-30,5,1345.8019981223479,268.492416527052,,,,,,,0.32926017089467957,0.6050084862285542,0.2697738393009044,917,,,,,,80436,,,
2025-01-31,40,1379.991530476591,1388.8229975786605,,,,,,,0.3577280391867892,1.0110756178728306,0.26047129311811457,2762,,,,,,803671,,,
2025-02-01,91,1522.1643081090021,3087.271750512431,7.0,7,,,,,0.36438031312489233,1.420261659739069,0.25116874693532476,5571,,,,,,3811148,,,
2025-02-02,44,1548.6362400827552,1246.1103582063622,,,,,,,0.305787835794919,0.9333610002218321,0.25116874693532476,2718,,,,,,4371127,,,
2025-02-03,89,1831.917759774317,9666.824103773413,135.0,74,,,,,0.381105359824628,2.5185977868547336,0.25116874693532476,12643,,,,,,2448550,2698739,,
2025-02-04,23,1358.8898978208713,873.1905089814898,1.0,1,,,,,0.3865891547781583,1.2494785710501526,0.25116874693532476,2081,,,,,,357294,,,
2025-02-05,14,831.912010911072,486.081175998851,1.0,1,,,,,0.5465084833251612,1.168281668692392,0.24849278409159273,998,,,,,,539613,,,
2025-07-12,,1341.9995064735413,,,,,,,,,,,,,,,,,,,,
2025-07-13,96,1689.2391094199195,10059.10325402624,160.0,86,,,,,0.8573258864263207,2.366067927014364,0.2697738393009044,13490,,,,,,4801766,614690,,
2025-07-14,63,1494.2654136621115,2562.7743006923956,8.0,8,,,,,0.393673444099397,1.2656972255098258,0.25116874693532476,5018,,,,,,3220980,,,
2025-07-15,138,1698.2140426781216,6136.046190770422,12.0,12,,,,,0.6832068068071175,1.4638764450459636,0.2563688326467962,10892,,,,,,7535249,,,
2025-07-16,55,1447.7417018172803,2486.9962538216455,14.0,14,,,,,0.41129106463928816,1.3899421879477016,0.25116874693532476,4697,,,,,,2236838,,,
2025-07-17,39,1436.871712890873,1956.9190282194845,16.0,16,,,,,0.4963288733837436,1.343349000264143,0.279076361669178,3443,,,,,,2006896,,,
2025-07-18,53,1465.2890845726286,2235.695742854529,11.0,11,,,,,0.5735061473693854,1.3317054397472263,0.25116874693532476,3981,,,,,,2608029,,,
2025-07-19,85,1586.335123052666,4157.6767022489785,11.0,11,,,,,0.35399325899240675,1.1692984179839279,0.243259649161017,7377,,,,,,5168596,,,
2025-07-20,23,1386.2270677818908,1029.1123146620455,5.0,5,,,,,0.578743473221761,1.1859299063467517,0.2790763584510005,2020,,,,,,935577,,,
2025-07-21,107,1609.9122469558204,5475.331202540418,28.0,28,,,,,0.48367574891187576,1.2309206080479775,0.25116874693532476,9565,,,,,,5667338,,,
2025-07-22,98,1600.4506055242598,4605.715163933946,29.0,29,,,,,0.40636494936625284,1.3041229505340592,0.27907635690627525,8266,,,,,,5467193,,,
2025-07-23,108,1614.6273256016375,4618.305485786423,24.0,24,,,,,0.43949067605702563,1.3067006425479164,0.26047129311811457,8235,,,,,,5767082,,,
2025-07-24,33,1425.7532709752588,1676.8776402832875,12.0,12,,,,,0.4570027396361836,1.3879242395791114,0.26328021567117077,2955,,,,,,1771700,,,
2025-07-25,31,1436.427977283625,1423.5117663098179,6.0,6,,,,,0.5455040142286246,1.7568714440048796,0.2775634622829165,2643,,,,,,1581172,181521,,
2025-07-26,16,1381.445462110602,617.1066455480634,1.0,1,,,,,0.43508224699759285,1.028888892422908,0.25116874693532476,1337,,,,,,834427,,,
2025-07-27,4,1341.999506473541,144.5615676805536,,,,,,,0.2709463500654492,0.6902938092707139,0.25704260624876746,636,,,,,,,,,
2025-07-28,42,1453.48768468588,1822.4273748228566,4.0,4,,,,,0.4662470565459288,1.209928249072671,0.25116874693532476,3458,,,,,,2358387,,,
2025-07-29,28,1400.5044852769556,1167.546502828103,6.0,6,,,,,0.7975031680613324,1.3288072362126557,0.27439184493575125,2109,,,,,,1237595,,,
2025-07-30,39,1418.7525935611088,1755.0305210156646,13.0,13,,,,,0.43769566181467257,1.3928786942005262,0.25116874693532476,3270,,,,,,1623607,,,
2025-07-31,48,1261.1167975049857,2542.209468374058,19.0,19,,,,,0.5298867824450394,1.4664797793221054,0.25116874693532476,4338,,,,,,2573470,,,
2026-02-09,,1341.9995064735413,,,,,,,,,,,,,,,,,,,,
2026-02-10,31,1444.0151085971322,1393.0646139110831,4.0,4,,,,,0.3868764627215953,1.2990213940817816,0.27907635690627525,2518,62.0,62.0,62.0,,,1743211,,,
2026-02-11,64,1571.3156769159652,2958.862190426095,15.0,15,,,,,0.4464716529120905,1.5183415686270825,0.26047129311811457,5303,,,,,,4117386,,,
2026-02-12,28,1445.3243043309892,1319.8653933282033,7.0,7,,,,,0.5030553771338689,1.3293177920373405,0.255489080242827,2384,,,,,,1578399,,,
2026-02-13,169,1749.6537376243448,7752.324163557634,63.0,63,,,,,0.48455617439022824,1.6621216814696615,0.26047129311811457,13276,,,,,,7710191,,,
2026-02-14,175,1913.9500383759303,8952.1990436966,43.0,43,,,,,0.47962974328595975,1.2180924396681254,0.25116874693532476,15361,,,,,,11022177,,,
2026-02-15,5,1366.999964237213,179.17254341225697,,,,,,,0.268040004452694,0.7440576055096535,0.25116874693532476,429,,,,,,,,,
2026-02-16,1,1366.999964237213,117.77023467411894,,,,,,,0.2775078004102613,0.2790763814012054,0.2633128118395857,466,,,,,,,,,
2026-02-17,4,1378.0481574497403,207.07672216404444,,,,,,,0.36048965969090724,0.5843448186523081,0.2697738393009044,767,,,,,,222644,,,
2026-02-18,47,1491.2556338287004,2411.3179877953744,18.0,18,,,,,0.5005997051882953,1.4225302223618779,0.2697738393009044,4170,,,,,,2504010,,,
2026-02-19,11,1404.4445109761205,370.8256965808588,,,,,,,0.513643388664453,1.1293638830126806,0.279076361669178,986,,,,,,754586,,,
2026-02-20,42,1510.0520216683421,1929.4344234057814,9.0,9,,,,,0.4130375885101502,1.2170505555269417,0.25116874693532476,3490,,,,,,2882797,,,
2026-02-21,3,1377.8642061542248,140.8269125777761,,,,,,,0.3967332785432927,1.1321530200519023,0.25116874693532476,800,,,,,,218937,,,
2026-02-22,72,1626.6344896390312,3526.481763141251,30.0,30,,,,,0.5003679702828657,1.3135547075781717,0.2572316078425669,6138,,,,,,5232174,,,
2026-02-23,69,1624.4060821039936,3215.716100448178,23.0,23,,,,,0.5228493824816034,1.3531120586872725,0.25116874693532476,5632,,,,,,5187272,,,
2026-02-24,141,1850.6069428987125,6221.027794367479,15.0,15,,,,,0.4013793278064363,1.5175957251486898,0.26047129311811457,10951,,,,,,9745685,,,
2026-02-25,51,1501.1284432329708,2517.564384399689,18.0,18,,,,,0.4916149437191955,1.3805670125260434,0.25116874693532476,4380,,,,,,2702969,,,
2026-02-26,39,1443.530939926248,1444.1919334382446,5.0,5,,,,,0.36039480112136324,1.3808319278080647,0.25116874693532476,2706,,,,,,1542258,,,
2026-02-27,152,1805.157371559557,6965.049010918316,24.0,24,,,,,0.44782632651761217,1.333261921760798,0.25116874693532476,12304,,,,,,8829781,,,
2026-02-28,24,1440.168745044888,990.1619719981577,2.0,2,,,,,0.39286565356446557,1.5896088349622575,0.25116874693532476,1994,,,,,,1474504,,,
2026-03-01,7,1404.0946088938554,283.54160765143325,,,,,,,0.3319258272423796,0.5662757817865196,0.26047129311811457,784,,,,,,747534,,,
2026-03-02,38,1467.6208126975941,1517.1876251037975,7.0,7,,,,,0.41489760723020513,1.703235771122051,0.2697738393009044,2785,,,,,,2027719,,,
2026-03-03,120,1724.1274108238263,6102.756703652921,26.0,26,,,,,0.5866136707802828,1.4146178964264515,0.2588876228317316,10373,,,,,,7196861,,,
2026-03-04,45,1488.9658511936645,1944.4465331815463,8.0,8,,,,,0.45654395520567975,1.4062896489854102,0.24813233834431983,3448,,,,,,2457866,,,
2026-03-05,24,1553.2324374745374,1078.0518460442115,5.0,5,,,,,0.6042504822542414,1.2990897734384448,0.26579215669522666,2195,,,,,,3752972,,,
2026-03-06,115,1690.8545011141623,5260.85800280154,9.0,9,,,,,0.6058737830888307,1.6167883556494267,0.26047129311811457,9197,,,,,,6525750,,,
2026-03-07,19,1395.4093983468717,806.5539518604089,4.0,4,,,,,0.3548998845926027,1.2896427653396343,0.25116874693532476,1685,,,,,,572509,,,
2026-03-08,6,1375.9263410362082,214.88881682244448,,,,,,,0.30368407876317394,0.4278409242782682,0.24907195402030438,625,,,,,,179885,,,
2026-03-09,89,1729.9310319760818,6265.647158486504,85.0,56,,,,,0.49204491525420907,2.225827217102051,0.0,9467,,,,,,3663852,1587449,,
2026-03-10,108,1622.9766965350648,6275.442176402197,63.0,57,,,,,0.5159256011764016,1.961104842900407,0.25116874693532476,10313,,,,,,5158464,,,
2026-03-11,95,1792.2044717485508,6832.530300628554,88.0,53,,,,,0.5007224725468506,2.4384607602241286,0.26047129311811457,10576,,,,,,3736516,2109461,,
2026-03-12,84,1639.0930272768137,3471.2581277788136,16.0,16,,,,,0.4288752570205606,1.5175855834777678,0.2649790363271506,6242,,,,,,5483242,,,
2026-03-13,53,1560.2393748845993,2065.063495350174,5.0,5,,,,,0.4588383603542186,1.2164787737074838,0.25116874693532476,4196,,,,,,3894178,,,
2026-03-14,109,1660.1775198451828,5612.910628598809,43.0,43,,,,,0.4353371067106903,1.5815115304520275,0.25116874693532476,9635,,,,,,5908138,,,
2026-03-15,47,1529.617177024219,2316.480195013856,13.0,13,,,,,0.3847951818321084,1.8491408958127722,0.25116874693532476,4071,,,,,,3277074,,,
2026-03-16,44,1483.5397708128148,1866.164733896967,7.0,7,,,,,0.4282584425389382,1.402667267890295,0.25116874693532476,3513,,,,,,2348519,,,
2026-03-17,42,1458.4775551658736,1946.044585419102,8.0,8,,,,,0.5208903016311718,1.666080713227648,0.25116874693532476,3557,,,,,,1843464,,,
2026-03-18,56,1501.9603026282366,2551.1759534018456,14.0,14,,,,,0.5458617140337477,1.8478037956482467,0.25116874693532476,4689,,,,,,2719733,,,
2026-03-19,38,1452.304621318343,1445.3031267506317,4.0,4,,,,,0.4727058241504709,1.236148148237514,0.27907635690627525,2769,,,,,,1719066,,,
2026-03-20,43,1473.1523700504715,1678.3819248255377,6.0,6,,,,,0.5184771620137878,1.3803507364752603,0.27907635690627525,3027,,,,,,2139193,,,
2026-03-21,40,1503.6861975694928,1823.0689993039418,11.0,11,,,,,0.5986338248968561,1.518610210866889,0.25116874693532476,3462,,,,,,2754511,,,
2026-03-22,186,1947.3459772465849,9949.190339307557,89.0,89,,,,,0.7873390773176712,1.2556044964926434,0.26047129311811457,16873,,,,,,11695178,,,
2026-03-23,47,1513.8241305681095,2129.5919110637183,12.0,12,,,,,0.5986555711359262,1.4138848876479713,0.25116874693532476,3887,,,,,,2958812,,,
2026-03-24,28,1444.4955077527309,1317.0954742960507,9.0,9,,,,,0.7995993882270728,1.3143649434700007,0.2790763724939576,2351,,,,,,1561696,,,
2026-03-25,53,1526.81880900518,2599.504560740824,18.0,18,,,,,0.5407413236820023,1.3447655328907109,0.25116874693532476,4584,,,,,,3220682,,,
2026-03-26,35,1470.4670565265938,1483.2551144280962,6.0,6,,,,,0.49202840277377585,1.3806674640433914,0.25736162578156735,2848,,,,,,2085077,,,
2026-03-27,115,1678.4471186320152,5142.886991022348,17.0,17,,,,,0.435714276311039,1.4360457768215933,0.25515494182972837,9056,,,,,,6276306,,,
2026-03-28,22,1417.9972974727862,927.9576670921919,5.0,5,,,,,0.5699237049635872,1.185893147020288,0.26047129311811457,1723,,,,,,1027702,,,
2026-03-29,1,1366.999964237213,112.18870696444506,,,,,,,0.2902120147453597,0.3289354879013648,0.2790763696073496,401,,,,,,,,,
2026-03-30,41,1441.1730521653433,1663.6139067740796,5.0,5,,,,,0.4408103789929499,1.3754727637040902,0.2479584497687782,3080,,,,,,1494741,,,
2026-03-31,54,1475.1531524158597,1983.1291655347436,7.0,7,,,,,0.3535570795912542,1.6973447018198797,0.24962240284401171,3602,,,,,,2179511,,,
2026-04-01,82,1580.7672554823596,3437.5204917158026,11.0,11,,,,,0.6064067942903935,1.4005293876653326,0.27907635690627525,6180,,,,,,4307855,,,
2026-04-02,55,1525.6128359439303,2290.3941928771324,7.0,7,,,,,0.5772271131154284,1.1803802558964112,0.25116874693532476,4128,,,,,,3196379,,,
2026-04-03,1,1366.999964237213,85.39737395801042,,,,,,,0.2729995202907012,0.3013724216365857,0.25116874693532476,296,,,,,,,,,
2026-04-04,172,1844.9782288336687,8667.022496402236,67.0,67,,,,,0.5127067910151627,1.4350561944341163,0.25116874693532476,14797,,,,,,9632256,,,
2026-04-05,62,1530.9598565220813,3065.026548373647,22.0,22,,,,,0.3878471306554284,1.4893023239362733,0.26047129311811457,5357,,,,,,3304134,,,
2026-04-06,46,1476.2703450424285,2277.874258753238,16.0,12,,,,,0.5044650183289998,2.3495492787410828,0.2750122343294328,3866,,,,,,1886534,138123,,
2026-04-07,50,1492.1936449449272,2131.2447628938526,10.0,10,,,,,0.4878050842628487,1.3558868469633267,0.2697738393009044,3869,,,,,,2522914,,,
2026-04-08,84,1569.005473647536,3912.585294440347,24.0,24,,,,,0.3752978840457045,1.4773099639585285,0.2697738393009044,6995,,,,,,4070833,,,
2026-04-09,54,1520.4796112011388,2285.821484067536,11.0,11,,,,,0.3275056318514789,1.4157495321945275,0.25116874693532476,4491,,,,,,3092934,,,
2026-04-10,165,1791.548128741933,6767.617661059471,31.0,31,,,,,0.4631528336118997,1.848149907163902,0.25116874693532476,12095,,,,,,8555526,,,
2026-04-11,34,1453.5230216788414,1393.6344623428768,7.0,7,,,,,0.3652369303177661,1.3156036430253313,0.27907636833724214,2740,,,,,,1743619,,,
2026-04-12,19,1378.9335750288856,592.0159547531296,,,,,,,0.2920405359578512,0.9651082311447445,0.26047129311811457,1715,,,,,,240487,,,
2026-04-13,49,1432.0258498019116,1204.9481366808059,4.0,4,,,,,0.3583272727467975,1.9661861795640418,0.2760801573838867,3408,,,,,,1310406,,,
2026-04-14,70,1519.8839575171862,3472.700102193085,34.0,34,,,,,0.44064847906909044,1.5358106780692211,0.24819198947945617,6426,,,,,,3080929,,,
2026-04-15,66,1521.2275187105793,2846.7955199053613,13.0,12,,,,,0.33778556787538333,1.3114198347287485,0.27655558600300834,5346,,,,,,3108006,,,
2026-04-16,35,1419.4291058672056,1331.671326733502,7.0,7,,,,,0.3142482633434215,1.3912180971543904,0.25116874693532476,2968,,,,,,1056556,,,
2026-04-17,60,1527.8677575992144,2228.072231227464,9.0,9,,,,,0.4388319138302819,1.6242398464013617,0.25116874693532476,4411,,,,,,3241820,,,
2026-04-18,17,1413.2908733419097,652.5122954188322,2.0,2,,,,,0.33765423941192885,1.3020982524313314,0.26047129311811457,1370,,,,,,932858,,,
2026-04-19,3,1366.9999642372131,149.30004232322196,,,,,,,0.2869370007598535,0.5928150273736907,0.25116874693532476,416,,,,,,,,,
2026-04-20,45,1467.2951717286867,1697.2141937004421,7.0,6,,,,,0.3243722620299473,2.123290401006654,0.27430570152573175,3920,,,,,,1588165,189565,,
2026-04-21,58,1480.3319451812595,1877.2811109961592,9.0,9,,,,,0.3758004037917737,1.3133429300736967,0.2510231157703378,4583,,,,,,2283875,,,
2026-04-22,37,1438.881975840296,1854.6419158162978,13.0,13,,,,,0.38384496871632834,1.4313995652557407,0.2697738393009044,3377,,,,,,1448573,,,
2026-04-23,6,1379.9747085954402,250.12512800941224,,,,,,,0.316503738253091,0.7541029978814293,0.26047129311811457,623,,,,,,261468,,,
2026-04-24,52,1479.4815217961307,1668.0336025262316,9.0,9,,,,,0.3343413866004633,1.413634741882885,0.25116874693532476,3670,,,,,,2112150,67679,,
2026-04-25,56,1530.8964994816497,1674.5061328910936,,,,,,,0.30178877087777223,0.9460600876773927,0.2687572887580033,3209,,,,,,3302855,,,
2026-04-26,48,1442.1088844927062,1278.878324366535,12.0,11,,,,,0.36566495157895645,1.685159478688879,0.24615906868130036,3857,,,,,,1513601,,,
2026-04-27,32,1412.4541849457605,1140.4467656902027,5.0,5,,,,,0.29559472355096456,2.0850773135915444,0.2535931842520502,2448,,,,,,915997,,,
2026-04-28,79,1592.9351336974676,4219.5804061965655,44.0,43,,,,,0.3788883121260466,1.936277055890325,0.24779279169016954,7569,,,,,,4401484,61359,,
2026-04-29,48,1425.1580752150167,1479.4312203045347,9.0,9,,,,,0.3696193523773284,1.3912796908836782,0.26047129311811457,3780,,,,,,1172007,,,
2026-04-30,113,1645.121174879754,5254.8229643229315,28.0,28,,,,,0.4080703133968636,1.4659712376366187,0.25116874693532476,9224,,,,,,5604721,,,
2026-05-01,97,1628.8698481482236,3965.9488600864624,21.0,21,,,,,0.36415597918127096,1.3756140882438286,0.2697738393009044,7766,,,,,,5277224,,,
2026-05-02,27,1406.3638937375308,979.7022914564275,8.0,8,,,,,0.4620127428247703,1.2348252845730514,0.2735395673446829,2278,,,,,,793264,,,
2026-05-03,9,1401.7853179741298,359.79311436987774,,,,,,,0.2807619544344853,1.1236604618937274,0.24041145509978235,847,,,,,,700997,,,
2026-05-04,75,1529.956037989665,2644.020886361896,12.0,12,,,,,0.3734388688810926,1.4145539863370322,0.2697738393009044,5510,,,,,,3283904,,,
2026-05-05,127,1837.383056755657,7265.815517775615,108.0,77,,,,,0.5030077596558236,2.666843891143799,0.0,13211,,,,,,4250033,2270926,,
2026-05-06,94,1615.1116727743843,3752.5166373040984,29.0,28,,,,,0.3637907371880839,1.7352212558265327,0.25116874693532476,7151,,,,,,4999965,,,
2026-05-07,75,1689.5780976118444,4747.24593123368,61.0,41,,,,,0.4603978034510901,2.069999933242798,0.0,8057,,,,,,2023648,1960029,,
2026-05-08,47,1462.765842343902,1406.6794467195525,,,,,,,0.3667804664792091,1.6093935221402784,0.25310530054328095,3131,,,,,,1929881,,,
2026-05-09,70,1611.662656771558,6089.640596920565,87.0,63,,,,,0.7743504698425574,2.438857144748951,0.26047129311811457,8852,,,,,,3327330,638460,,
2026-05-10,70,1560.3616517992496,3221.5901798708223,4.0,4,,,,,0.4327955038543025,1.4347251853857463,0.27744239865892845,5766,,,,,,3896638,,,
2026-05-11,45,1480.8710265435352,1476.7852802836521,3.0,3,,,,,0.37156811902128206,1.444219880790975,0.25116874693532476,2826,,,,,,2294738,,,
2026-05-12,124,1849.8845139496152,8959.487736089653,110.0,73,,,,,0.616998818814798,2.305593476347677,0.26047129311811457,13332,,,,,,7066493,920105,,
2026-05-13,81,1625.7149473384657,4287.332162098292,33.0,32,,,,,0.5005775008351373,1.9523259963631805,0.25116874693532476,7322,,,,,,5059149,67638,,
2026-05-14,72,1562.958601285487,3378.551918872561,21.0,21,,,,,0.6234198897612555,1.4222120602704058,0.25772029095943,5735,,,,,,3948974,,,
2026-05-15,38,1490.31078618173,2012.3318042933315,19.0,19,,,,,0.4650855374758533,1.1239626630281274,0.26047129311811457,3709,,,,,,2484969,,,
2026-05-16,147,1715.889880633621,7513.124977801441,60.0,60,,,,,0.6276693886820045,1.4699072680960688,0.25116874693532476,12785,,,,,,7030858,,,
2026-05-17,63,1562.1435280083108,3409.5772414546145,29.0,29,,,,,0.6203182921203874,1.4485770298630911,0.27907637058135837,5799,,,,,,3932549,,,
2026-05-18,59,1543.210902555429,2784.5054485286455,17.0,16,,,,,0.8618040094501426,1.9295097523392553,0.25116874693532476,4833,,,,,,3551017,,,
2026-05-19,36,1435.3200151566216,1550.7812107637876,8.0,8,,,,,0.5330777951777406,1.174009998212313,0.26047129311811457,2707,,,,,,1376790,,,
2026-05-20,2,1372.8285456423132,139.3662884534897,,,,,,,0.303876260493712,0.9746904550776904,0.2790763584510005,527,,,,,,117458,,,
2026-05-21,83,1661.2450907860057,6070.272346964314,71.0,40,,,,,0.5330739039856988,2.290363936934213,0.25116874693532476,8893,,,,,,3795322,704490,,
2026-05-22,2,717.6275944452841,34.047319029010694,,,,,,,0.43615867451328993,0.5932409905755793,0.2790763584510005,277,,,,,,,,,
